Workbook

Sheet Playlist
A1: ID | B1: Title | D1: Link | E1: Count | F1: Time | G1: Time (H) | I1: Code | J1: Status
A2: 1 | B2: Python | C2: Python | D2: https://www.youtube.com/playlist?list=PLZoTAELRMXVNUL99R4bDlVYsncUNvwUBB | E2: =POA!L3 -> 52 | F2: =POA!M3 -> 708.5 | G2: =ROUND(F2/60,2) -> 11.81 | I2: 1 | J2: Yet to Start
A3: 2 | B3: Stats | C3: Statistics | D3: https://www.youtube.com/playlist?list=PLZoTAELRMXVMhVyr3Ri9IQ-t5QPBtxzJO | E3: =POA!L4 -> 28 | F3: =POA!M4 -> 282.2 | G3: =ROUND(F3/60,2) -> 4.7 | I3: 2 | J3: In Progress
A4: 3 | B4: ML | C4: Machine Learning | D4: https://www.youtube.com/playlist?list=PLZoTAELRMXVPBTrWtJkn3wWQxZkmTXGwe | E4: =POA!L5 -> 146 | F4: =POA!M5 -> 2069.2 | G4: =ROUND(F4/60,2) -> 34.49 | I4: 3 | J4: On Hold
A5: 4 | B5: FE | C5: Feature Engg. | D5: https://www.youtube.com/playlist?list=PLZoTAELRMXVPwYGE2PXD3x0bfKnR0cJjN | E5: =POA!L6 -> 15 | F5: =POA!M6 -> 757.8 | G5: =ROUND(F5/60,2) -> 12.63 | I5: 4 | J5: Completed
A6: 5 | B6: DL | C6: Deep Learning | D6: https://www.youtube.com/playlist?list=PLZoTAELRMXVPGU70ZGsckrMdr0FteeRUi | E6: =POA!L7 -> 79 | F6: =POA!M7 -> 1678.1 | G6: =ROUND(F6/60,2) -> 27.97
A7: 6 | B7: NLP | C7: NLP | D7: https://www.youtube.com/playlist?list=PLZoTAELRMXVMdJ5sqbCK2LiM0HhQVWNzm | E7: =POA!L8 -> 29 | F7: =POA!M8 -> 573.4 | G7: =ROUND(F7/60,2) -> 9.56
A8: 7 | B8: DML | C8: Data Modelling | D8: https://www.youtube.com/playlist?list=PLZoTAELRMXVOAvUbePX1lTdxQR8EY35Z1 | E8: =POA!L9 -> 12 | F8: =POA!M9 -> 175.9 | G8: =ROUND(F8/60,2) -> 2.93
A9: 8 | B9: MLOPS | C9: ML OPS | D9: https://www.youtube.com/playlist?list=PLZoTAELRMXVOk1pRcOCaG5xtXxgMalpIe | E9: =POA!L10 -> 6 | F9: =POA!M10 -> 619.8 | G9: =ROUND(F9/60,2) -> 10.33
A10: 9 | B10: DSIQ | C10: Data Sci Interview Qs | D10: https://www.youtube.com/playlist?list=PLZoTAELRMXVPkl7oRvzyNnyj1HS4wt2K- | E10: =POA!L12 -> 442 | F10: =POA!M11 -> 1669.4 | G10: =ROUND(F10/60,2) -> 27.82
B11: Total | E11: =SUM(E2:E10) -> 809 | F11: =SUM(F2:F10) -> 8534.3 | G11: =SUM(G2:G10) -> 142.24

Sheet POA
A1: Task | B1: =Playlist!J2 -> Yet to Start | D1: =Playlist!J3 -> In Progress | F1: =Playlist!J4 -> On Hold | H1: =Playlist!J5 -> Completed | J1: Remaining | L1: Total | N1: Total | O1: Per%
B2: Tasks | C2: Time | D2: Tasks | E2: Time | F2: Tasks | G2: Time | H2: Tasks | I2: Time | J2: Tasks | K2: Time | L2: Tasks | M2: Time | N2: Hours
A3: =HYPERLINK(Playlist!D2, Playlist!B2) -> Python | B3: =COUNTIF(INDIRECT("'"&$A3&"'!$D:$D"),B$1) -> 52 | C3: =SUMIF(INDIRECT("'"&$A3&"'!$D:$D"),B$1,INDIRECT("'"&$A3&"'!$C:$C")) -> 708.5 | D3: =COUNTIF(INDIRECT("'"&$A3&"'!$D:$D"),D$1) -> 0 | E3: =SUMIF(INDIRECT("'"&$A3&"'!$D:$D"),D$1,INDIRECT("'"&$A3&"'!$C:$C")) -> 0 | F3: =COUNTIF(INDIRECT("'"&$A3&"'!$D:$D"),F$1) -> 0 | G3: =SUMIF(INDIRECT("'"&$A3&"'!$D:$D"),F$1,INDIRECT("'"&$A3&"'!$C:$C")) -> 0 | H3: =COUNTIF(INDIRECT("'"&$A3&"'!$D:$D"),H$1) -> 0 | I3: =SUMIF(INDIRECT("'"&$A3&"'!$D:$D"),H$1,INDIRECT("'"&$A3&"'!$C:$C")) -> 0 | J3: =SUM(B3,D3) -> 52 | K3: =SUM(C3,E3) -> 708.5 | L3: =SUM(B3,D3,F3,H3) -> 52 | M3: =SUM(C3,E3,I3) -> 708.5 | N3: =ROUND(M3/60,2) -> 11.81 | O3: =ROUND(((H3+F3)/L3)*100,2) -> 0
A4: =HYPERLINK(Playlist!D3, Playlist!B3) -> Stats | B4: =COUNTIF(INDIRECT("'"&$A4&"'!$D:$D"),B$1) -> 28 | C4: =SUMIF(INDIRECT("'"&$A4&"'!$D:$D"),B$1,INDIRECT("'"&$A4&"'!$C:$C")) -> 282.2 | D4: =COUNTIF(INDIRECT("'"&$A4&"'!$D:$D"),D$1) -> 0 | E4: =SUMIF(INDIRECT("'"&$A4&"'!$D:$D"),D$1,INDIRECT("'"&$A4&"'!$C:$C")) -> 0 | F4: =COUNTIF(INDIRECT("'"&$A4&"'!$D:$D"),F$1) -> 0 | G4: =SUMIF(INDIRECT("'"&$A4&"'!$D:$D"),F$1,INDIRECT("'"&$A4&"'!$C:$C")) -> 0 | H4: =COUNTIF(INDIRECT("'"&$A4&"'!$D:$D"),H$1) -> 0 | I4: =SUMIF(INDIRECT("'"&$A4&"'!$D:$D"),H$1,INDIRECT("'"&$A4&"'!$C:$C")) -> 0 | J4: =SUM(B4,D4) -> 28 | K4: =SUM(C4,E4) -> 282.2 | L4: =SUM(B4,D4,F4,H4) -> 28 | M4: =SUM(C4,E4,I4) -> 282.2 | N4: =ROUND(M4/60,2) -> 4.7 | O4: =ROUND(((H4+F4)/L4)*100,2) -> 0
A5: =HYPERLINK(Playlist!D4, Playlist!B4) -> ML | B5: =COUNTIF(INDIRECT("'"&$A5&"'!$D:$D"),B$1) -> 146 | C5: =SUMIF(INDIRECT("'"&$A5&"'!$D:$D"),B$1,INDIRECT("'"&$A5&"'!$C:$C")) -> 2069.2 | D5: =COUNTIF(INDIRECT("'"&$A5&"'!$D:$D"),D$1) -> 0 | E5: =SUMIF(INDIRECT("'"&$A5&"'!$D:$D"),D$1,INDIRECT("'"&$A5&"'!$C:$C")) -> 0 | F5: =COUNTIF(INDIRECT("'"&$A5&"'!$D:$D"),F$1) -> 0 | G5: =SUMIF(INDIRECT("'"&$A5&"'!$D:$D"),F$1,INDIRECT("'"&$A5&"'!$C:$C")) -> 0 | H5: =COUNTIF(INDIRECT("'"&$A5&"'!$D:$D"),H$1) -> 0 | I5: =SUMIF(INDIRECT("'"&$A5&"'!$D:$D"),H$1,INDIRECT("'"&$A5&"'!$C:$C")) -> 0 | J5: =SUM(B5,D5) -> 146 | K5: =SUM(C5,E5) -> 2069.2 | L5: =SUM(B5,D5,F5,H5) -> 146 | M5: =SUM(C5,E5,I5) -> 2069.2 | N5: =ROUND(M5/60,2) -> 34.49 | O5: =ROUND(((H5+F5)/L5)*100,2) -> 0
A6: =HYPERLINK(Playlist!D5, Playlist!B5) -> FE | B6: =COUNTIF(INDIRECT("'"&$A6&"'!$D:$D"),B$1) -> 15 | C6: =SUMIF(INDIRECT("'"&$A6&"'!$D:$D"),B$1,INDIRECT("'"&$A6&"'!$C:$C")) -> 757.8 | D6: =COUNTIF(INDIRECT("'"&$A6&"'!$D:$D"),D$1) -> 0 | E6: =SUMIF(INDIRECT("'"&$A6&"'!$D:$D"),D$1,INDIRECT("'"&$A6&"'!$C:$C")) -> 0 | F6: =COUNTIF(INDIRECT("'"&$A6&"'!$D:$D"),F$1) -> 0 | G6: =SUMIF(INDIRECT("'"&$A6&"'!$D:$D"),F$1,INDIRECT("'"&$A6&"'!$C:$C")) -> 0 | H6: =COUNTIF(INDIRECT("'"&$A6&"'!$D:$D"),H$1) -> 0 | I6: =SUMIF(INDIRECT("'"&$A6&"'!$D:$D"),H$1,INDIRECT("'"&$A6&"'!$C:$C")) -> 0 | J6: =SUM(B6,D6) -> 15 | K6: =SUM(C6,E6) -> 757.8 | L6: =SUM(B6,D6,F6,H6) -> 15 | M6: =SUM(C6,E6,I6) -> 757.8 | N6: =ROUND(M6/60,2) -> 12.63 | O6: =ROUND(((H6+F6)/L6)*100,2) -> 0
A7: =HYPERLINK(Playlist!D6, Playlist!B6) -> DL | B7: =COUNTIF(INDIRECT("'"&$A7&"'!$D:$D"),B$1) -> 79 | C7: =SUMIF(INDIRECT("'"&$A7&"'!$D:$D"),B$1,INDIRECT("'"&$A7&"'!$C:$C")) -> 1678.1 | D7: =COUNTIF(INDIRECT("'"&$A7&"'!$D:$D"),D$1) -> 0 | E7: =SUMIF(INDIRECT("'"&$A7&"'!$D:$D"),D$1,INDIRECT("'"&$A7&"'!$C:$C")) -> 0 | F7: =COUNTIF(INDIRECT("'"&$A7&"'!$D:$D"),F$1) -> 0 | G7: =SUMIF(INDIRECT("'"&$A7&"'!$D:$D"),F$1,INDIRECT("'"&$A7&"'!$C:$C")) -> 0 | H7: =COUNTIF(INDIRECT("'"&$A7&"'!$D:$D"),H$1) -> 0 | I7: =SUMIF(INDIRECT("'"&$A7&"'!$D:$D"),H$1,INDIRECT("'"&$A7&"'!$C:$C")) -> 0 | J7: =SUM(B7,D7) -> 79 | K7: =SUM(C7,E7) -> 1678.1 | L7: =SUM(B7,D7,F7,H7) -> 79 | M7: =SUM(C7,E7,I7) -> 1678.1 | N7: =ROUND(M7/60,2) -> 27.97 | O7: =ROUND(((H7+F7)/L7)*100,2) -> 0
A8: =HYPERLINK(Playlist!D7, Playlist!B7) -> NLP | B8: =COUNTIF(INDIRECT("'"&$A8&"'!$D:$D"),B$1) -> 29 | C8: =SUMIF(INDIRECT("'"&$A8&"'!$D:$D"),B$1,INDIRECT("'"&$A8&"'!$C:$C")) -> 573.4 | D8: =COUNTIF(INDIRECT("'"&$A8&"'!$D:$D"),D$1) -> 0 | E8: =SUMIF(INDIRECT("'"&$A8&"'!$D:$D"),D$1,INDIRECT("'"&$A8&"'!$C:$C")) -> 0 | F8: =COUNTIF(INDIRECT("'"&$A8&"'!$D:$D"),F$1) -> 0 | G8: =SUMIF(INDIRECT("'"&$A8&"'!$D:$D"),F$1,INDIRECT("'"&$A8&"'!$C:$C")) -> 0 | H8: =COUNTIF(INDIRECT("'"&$A8&"'!$D:$D"),H$1) -> 0 | I8: =SUMIF(INDIRECT("'"&$A8&"'!$D:$D"),H$1,INDIRECT("'"&$A8&"'!$C:$C")) -> 0 | J8: =SUM(B8,D8) -> 29 | K8: =SUM(C8,E8) -> 573.4 | L8: =SUM(B8,D8,F8,H8) -> 29 | M8: =SUM(C8,E8,I8) -> 573.4 | N8: =ROUND(M8/60,2) -> 9.56 | O8: =ROUND(((H8+F8)/L8)*100,2) -> 0
A9: =HYPERLINK(Playlist!D8, Playlist!B8) -> DML | B9: =COUNTIF(INDIRECT("'"&$A9&"'!$D:$D"),B$1) -> 12 | C9: =SUMIF(INDIRECT("'"&$A9&"'!$D:$D"),B$1,INDIRECT("'"&$A9&"'!$C:$C")) -> 175.9 | D9: =COUNTIF(INDIRECT("'"&$A9&"'!$D:$D"),D$1) -> 0 | E9: =SUMIF(INDIRECT("'"&$A9&"'!$D:$D"),D$1,INDIRECT("'"&$A9&"'!$C:$C")) -> 0 | F9: =COUNTIF(INDIRECT("'"&$A9&"'!$D:$D"),F$1) -> 0 | G9: =SUMIF(INDIRECT("'"&$A9&"'!$D:$D"),F$1,INDIRECT("'"&$A9&"'!$C:$C")) -> 0 | H9: =COUNTIF(INDIRECT("'"&$A9&"'!$D:$D"),H$1) -> 0 | I9: =SUMIF(INDIRECT("'"&$A9&"'!$D:$D"),H$1,INDIRECT("'"&$A9&"'!$C:$C")) -> 0 | J9: =SUM(B9,D9) -> 12 | K9: =SUM(C9,E9) -> 175.9 | L9: =SUM(B9,D9,F9,H9) -> 12 | M9: =SUM(C9,E9,I9) -> 175.9 | N9: =ROUND(M9/60,2) -> 2.93 | O9: =ROUND(((H9+F9)/L9)*100,2) -> 0
A10: =HYPERLINK(Playlist!D9, Playlist!B9) -> MLOPS | B10: =COUNTIF(INDIRECT("'"&$A10&"'!$D:$D"),B$1) -> 6 | C10: =SUMIF(INDIRECT("'"&$A10&"'!$D:$D"),B$1,INDIRECT("'"&$A10&"'!$C:$C")) -> 619.8 | D10: =COUNTIF(INDIRECT("'"&$A10&"'!$D:$D"),D$1) -> 0 | E10: =SUMIF(INDIRECT("'"&$A10&"'!$D:$D"),D$1,INDIRECT("'"&$A10&"'!$C:$C")) -> 0 | F10: =COUNTIF(INDIRECT("'"&$A10&"'!$D:$D"),F$1) -> 0 | G10: =SUMIF(INDIRECT("'"&$A10&"'!$D:$D"),F$1,INDIRECT("'"&$A10&"'!$C:$C")) -> 0 | H10: =COUNTIF(INDIRECT("'"&$A10&"'!$D:$D"),H$1) -> 0 | I10: =SUMIF(INDIRECT("'"&$A10&"'!$D:$D"),H$1,INDIRECT("'"&$A10&"'!$C:$C")) -> 0 | J10: =SUM(B10,D10) -> 6 | K10: =SUM(C10,E10) -> 619.8 | L10: =SUM(B10,D10,F10,H10) -> 6 | M10: =SUM(C10,E10,I10) -> 619.8 | N10: =ROUND(M10/60,2) -> 10.33 | O10: =ROUND(((H10+F10)/L10)*100,2) -> 0
A11: =HYPERLINK(Playlist!D10, Playlist!B10) -> DSIQ | B11: =COUNTIF(INDIRECT("'"&$A11&"'!$D:$D"),B$1) -> 75 | C11: =SUMIF(INDIRECT("'"&$A11&"'!$D:$D"),B$1,INDIRECT("'"&$A11&"'!$C:$C")) -> 1669.4 | D11: =COUNTIF(INDIRECT("'"&$A11&"'!$D:$D"),D$1) -> 0 | E11: =SUMIF(INDIRECT("'"&$A11&"'!$D:$D"),D$1,INDIRECT("'"&$A11&"'!$C:$C")) -> 0 | F11: =COUNTIF(INDIRECT("'"&$A11&"'!$D:$D"),F$1) -> 0 | G11: =SUMIF(INDIRECT("'"&$A11&"'!$D:$D"),F$1,INDIRECT("'"&$A11&"'!$C:$C")) -> 0 | H11: =COUNTIF(INDIRECT("'"&$A11&"'!$D:$D"),H$1) -> 0 | I11: =SUMIF(INDIRECT("'"&$A11&"'!$D:$D"),H$1,INDIRECT("'"&$A11&"'!$C:$C")) -> 0 | J11: =SUM(B11,D11) -> 75 | K11: =SUM(C11,E11) -> 1669.4 | L11: =SUM(B11,D11,F11,H11) -> 75 | M11: =SUM(C11,E11,I11) -> 1669.4 | N11: =ROUND(M11/60,2) -> 27.82 | O11: =ROUND(((H11+F11)/L11)*100,2) -> 0
A12: Total | B12: =SUM(B3:B11) -> 442 | C12: =SUM(C3:C11) -> 8534.3 | D12: =SUM(D3:D11) -> 0 | E12: =SUM(E3:E11) -> 0 | F12: =SUM(F3:F11) -> 0 | G12: =SUM(G3:G11) -> 0 | H12: =SUM(H3:H11) -> 0 | I12: =SUM(I3:I11) -> 0 | ... N12: =SUM(N3:N11) -> 142.24 | O12: =ROUND(((H12+F12)/L12)*100,2) -> 0

Sheet Python
A1: =HYPERLINK(Playlist!D2, Playlist!$A$1) -> ID | B1: List | C1: Time | D1: Current Status
A2: 1 | B2: Complete Road Map To Be Expert In Python- Follow My Way | C2: 29.2 | D2: Yet to Start
A3: 2 | B3: Tutorial 1- Anaconda Installation and Python Basics | C3: 19.1 | D3: Yet to Start
A4: 3 | B4: Why Python is the Best Programming Language For Machine Learning? | C4: 5.2 | D4: Yet to Start
A5: 4 | B5: Tutorial 2 - Python List and Boolean Variables | C5: 21.8 | D5: Yet to Start
A6: 5 | B6: Tutorial 3- Python Sets, Dictionaries and Tuples | C6: 16.1 | D6: Yet to Start
A7: 6 | B7: Tutorial 4 - Numpy and Inbuilt Functions Tutorial | C7: 26.7 | D7: Yet to Start
A8: 7 | B8: Tutorial 5- Pandas, Data Frame and Data Series Part-1 | C8: 16.8 | D8: Yet to Start
A9: 8 | B9: Tutorial 6- Pandas,Reading CSV files With Various Parameters- Part 2 | C9: 29.5 | D9: Yet to Start
A10: 9 | B10: Tutorial 7- Pandas-Reading JSON,Reading HTML, Read PICKLE, Read EXCEL Files- Part 3 | C10: 19.5 | D10: Yet to Start
A11: 10 | B11: Tutorial 8- Matplotlib (Simple Visualization Library) | C11: 25.9 | D11: Yet to Start
A12: 11 | B12: Tutorial 9- Seaborn Tutorial- Distplot, Joinplot, Pairplot Part 1 | C12: 21.7 | D12: Yet to Start
A13: 12 | B13: Tutorial 10- Seaborn- Countplot(), Violinplot(), Boxplot()- Part2 | C13: 10.9 | D13: Yet to Start
... A53: 52 | B53: 10 Tips To Learn Python Efficiently And Effectively | C53: 11.8 | D53: Yet to Start
A54: Total | C54: =SUM(C2:C53) -> 708.5 | D54: =COUNTIF(Python!D2:D53,Playlist!$J$5) -> 0

Sheet Stats
A1: =HYPERLINK(Playlist!D3, Playlist!$A$1) -> ID | B1: List | C1: Time | D1: Current Status
A2: 1 | B2: How to Learn Statistics for Data Science As A Self Starter- Follow My Way | C2: 19.7 | D2: Yet to Start
A3: 2 | B3: Introduction To Statistics And Its Types For Starters | C3: 10.5 | D3: Yet to Start
A4: 3 | B4: Population vs Sample in Statistics | C4: 12.9 | D4: Yet to Start
A5: 4 | B5: Gaussian distribution or Normal Distribution in statisctics | C5: 11.8 | D5: Yet to Start
A6: 5 | B6: Log Normal Distribution in Statistics | C6: 15.8 | D6: Yet to Start
A7: 6 | B7: Covariance in Statistics | C7: 12 | D7: Yet to Start
A8: 7 | B8: STATISTICS- Mean, Median And Mode Explained Easily | C8: 8.4 | D8: Yet to Start
A9: 8 | B9: STATISTICS- Population VS Sample and it's Importance | C9: 9.5 | D9: Yet to Start
A10: 9 | B10: STATISTICS- What are Random Variables and It's Types and its Importance? | C10: 6.8 | D10: Yet to Start
A11: 10 | B11: STATISTICS- Gaussian/ Normal Distribution | C11: 5 | D11: Yet to Start
A12: 11 | B12: STATISTICS- What is Central Limit Theorem? | C12: 4.7 | D12: Yet to Start
A13: 12 | B13: STATISTICS- Chebyshev's InEquality | C13: 4.7 | D13: Yet to Start
... A29: 28 | B29: Power Law Distribution And Its Examples And Application- Statistics Interview Question | C29: 9.9 | D29: Yet to Start
A30: Total | C30: =SUM(C2:C29) -> 282.2 | D30: =COUNTIF(Stats!D2:D29,Playlist!$J$5) -> 0

Sheet ML
A1: =HYPERLINK(Playlist!D4, Playlist!$A$1) -> ID | B1: List | C1: Time | D1: Current Status
A2: 1 | B2: Complete Road Map To Be Expert In Python- Follow My Way | C2: 29.2 | D2: Yet to Start
A3: 2 | B3: Complete Roadmap To Follow To Prepare Machine Learning With All Videos And Materials | C3: 18.9 | D3: Yet to Start
A4: 3 | B4: Tutorial 1- Anaconda Installation and Python Basics | C4: 19.1 | D4: Yet to Start
A5: 4 | B5: Why Python is the Best Programming Language For Machine Learning? | C5: 5.2 | D5: Yet to Start
A6: 5 | B6: Tutorial 2 - Python List and Boolean Variables | C6: 21.8 | D6: Yet to Start
A7: 6 | B7: Tutorial 3- Python Sets, Dictionaries and Tuples | C7: 16.1 | D7: Yet to Start
A8: 7 | B8: Tutorial 4 - Numpy and Inbuilt Functions Tutorial | C8: 26.7 | D8: Yet to Start
A9: 8 | B9: Tutorial 5- Pandas, Data Frame and Data Series Part-1 | C9: 16.8 | D9: Yet to Start
A10: 9 | B10: Tutorial 6- Pandas,Reading CSV files With Various Parameters- Part 2 | C10: 29.5 | D10: Yet to Start
A11: 10 | B11: Tutorial 7- Pandas-Reading JSON,Reading HTML, Read PICKLE, Read EXCEL Files- Part 3 | C11: 19.5 | D11: Yet to Start
A12: 11 | B12: Tutorial 8- Matplotlib (Simple Visualization Library) | C12: 25.9 | D12: Yet to Start
A13: 12 | B13: Tutorial 9- Seaborn Tutorial- Distplot, Joinplot, Pairplot Part 1 | C13: 21.7 | D13: Yet to Start
... A147: 146 | B147: DataPrep Library- Perform Faster EDA Within No Time | C147: 8.7 | D147: Yet to Start
A148: Total | C148: =SUM(C2:C147) -> 2069.2 | D148: =COUNTIF(ML!D2:D147,Playlist!$J$5) -> 0

Sheet FE
A1: =HYPERLINK(Playlist!D5, Playlist!$A$1) -> ID | B1: List | C1: Time | D1: Current Status
A2: 1 | B2: Feature Engineering-How to Perform One Hot Encoding for Multi Categorical Variables | C2: 12.5 | D2: Yet to Start
A3: 2 | B3: Different Types of Feature Engineering Encoding Techniques | C3: 24.2 | D3: Yet to Start
A4: 3 | B4: Why Do We Need to Perform Feature Scaling? | C4: 8.1 | D4: Yet to Start
A5: 4 | B5: How To Handle Missing Values in Categorical Features | C5: 6.5 | D5: Yet to Start
A6: 5 | B6: Featuring Engineering- Handle Categorical Features Many Categories(Count/Frequency Encoding) | C6: 11.5 | D6: Yet to Start
A7: 6 | B7: Featuring Engineering- How To Handle Ordinal Categories(Ordinal Encoding) | C7: 7.8 | D7: Yet to Start
A8: 7 | B8: Live-Feature Engineering-All Techniques To Handle Missing Values- Day 1 | C8: 92 | D8: Yet to Start
A9: 8 | B9: Live-Feature Engineering-All Techniques To Handle Missing Values- Day 2 | C9: 82.8 | D9: Yet to Start
A10: 9 | B10: Live-Feature Engineering-All Techniques To Handle Missing Values- Day 3 | C10: 111.6 | D10: Yet to Start
A11: 10 | B11: Live-Feature Engineering-All Techniques To Handle Categorical Features - Day 4 | C11: 80.9 | D11: Yet to Start
A12: 11 | B12: Summary Live Streaming-Feature Engineering- Probability Ratio Encoding- Handling Categorical Feature | C12: 17.7 | D12: Yet to Start
A13: 12 | B13: Live-Feature Engineering-All Standardization And Transformation Techniques- Day 6 | C13: 101.8 | D13: Yet to Start
... A16: 15 | B16: Discussing All The Types Of Feature Transformation In Machine Learning | C16: 22.4 | D16: Yet to Start
A17: Total | C17: =SUM(C2:C16) -> 757.8 | D17: =COUNTIF(FE!D2:D16,Playlist!$J$5) -> 0

Sheet DL
A1: =HYPERLINK(Playlist!D6, Playlist!$A$1) -> ID | B1: List | C1: Time | D1: Current Status
A2: 1 | B2: Why Deep Learning Is Becoming So Popular?🔥🔥🔥🔥🔥🔥 | C2: 14.1 | D2: Yet to Start
A3: 2 | B3: Complete Road Map To Prepare For Deep Learning🔥🔥🔥🔥 | C3: 16.4 | D3: Yet to Start
A4: 3 | B4: Introduction To Machine Learning And Deep Learning For Starters | C4: 50.5 | D4: Yet to Start
A5: 4 | B5: Tutorial 1- Introduction to Neural Network and Deep Learning | C5: 8.3 | D5: Yet to Start
A6: 5 | B6: Tutorial 2- How does Neural Network Work | C6: 7.5 | D6: Yet to Start
A7: 6 | B7: Tutorial 3-Activation Functions Part-1 | C7: 6 | D7: Yet to Start
A8: 7 | B8: Tutorial 4: How to train Neural Network with BackPropogation | C8: 9.5 | D8: Yet to Start
A9: 8 | B9: Tutorial 5- How to train MultiLayer Neural Network and Gradient Descent | C9: 14.3 | D9: Yet to Start
A10: 9 | B10: Tutorial 6-Chain Rule of Differentiation with BackPropagation | C10: 13.8 | D10: Yet to Start
A11: 10 | B11: Tutorial 7- Vanishing Gradient Problem | C11: 14.6 | D11: Yet to Start
A12: 11 | B12: Tutorial 8- Exploding Gradient Problem in Neural Network | C12: 11.2 | D12: Yet to Start
A13: 12 | B13: Tutorial 9- Drop Out Layers in Multi Neural Network | C13: 11.6 | D13: Yet to Start
... A80: 79 | B80: Text Generation with Transformers (GPT-2) In 10 Lines Of Code | C80: 7.9 | D80: Yet to Start
A81: Total | C81: =SUM(C2:C80) -> 1678.1 | D81: =COUNTIF(D2:D80,Playlist!$J$5) -> 0

Sheet NLP
A1: =HYPERLINK(Playlist!D7, Playlist!$A$1) -> ID | B1: List | C1: Time | D1: Current Status
A2: 1 | B2: Complete Road Map To Prepare NLP-Follow This Video-You Will Able to Crack Any DS Interviews🔥🔥 | C2: 20.9 | D2: Yet to Start
A3: 2 | B3: Natural Language Processing|Tokenization | C3: 9.7 | D3: Yet to Start
A4: 3 | B4: Natural Language Processing| Stemming And Lemmatization Intuition | C4: 5.8 | D4: Yet to Start
A5: 4 | B5: Natural Language Processing|Stemming | C5: 13.3 | D5: Yet to Start
A6: 5 | B6: Natural Language Processing|Lemmatization | C6: 11.3 | D6: Yet to Start
A7: 6 | B7: Natural Language Processing|Bag Of Words Intuition | C7: 9.4 | D7: Yet to Start
A8: 7 | B8: Natural Language Processing|BagofWords | C8: 24.2 | D8: Yet to Start
A9: 8 | B9: Natural Language Processing|TF-IDF Intuition| Text Prerocessing | C9: 8.5 | D9: Yet to Start
A10: 9 | B10: Natural Language Processing|TF-IDF for Machine Learning| Text Prerocessing | C10: 21.5 | D10: Yet to Start
A11: 10 | B11: Implementing a Spam classifier in python| Natural Language Processing | C11: 29 | D11: Yet to Start
A12: 11 | B12: Word2Vec Easily Explained- Data Science | C12: 22.8 | D12: Yet to Start
A13: 12 | B13: Kaggle Competition- Predict Stock Price Movement Based On News Headline using NLP | C13: 14 | D13: Yet to Start
... A30: 29 | B30: Live -Transformers Indepth Architecture Understanding- Attention Is All You Need | C30: 79.4 | D30: Yet to Start
A31: Total | C31: =SUM(C2:C30) -> 573.4 | D31: =COUNTIF(D2:D30,Playlist!$J$5) -> 0

Sheet DML
A1: =HYPERLINK(Playlist!D8, Playlist!$A$1) -> ID | B1: List | C1: Time | D1: Current Status
A2: 1 | B2: Tutorial 1- Deployment of Models- Premises VS IAAS vs PAAS cloud Platforms | C2: 6.4 | D2: Yet to Start
A3: 2 | B3: Tutorial 2- Deployment of ML models in Heroku using FLASK | C3: 23.5 | D3: Yet to Start
A4: 3 | B4: Tutorial 3- Deployment of NLP Model in Heroku Cloud | C4: 13.8 | D4: Yet to Start
A5: 4 | B5: Tutorial 4- Deployment Of ML Models In AWS EC2 Instance | C5: 20.4 | D5: Yet to Start
A6: 5 | B6: Tutorial 5- Deployment Of Movie Recommendation Model By My Subscriber In Heroku | C6: 6.1 | D6: Yet to Start
A7: 6 | B7: Tutorial 6 :Deployment of Machine Learning Models in Google Cloud Platform | C7: 15.3 | D7: Yet to Start
A8: 7 | B8: Tutorial 7: Deploying Machine Learning Models In Azure Cloud | C8: 11.1 | D8: Yet to Start
A9: 8 | B9: Deploy Streamlit WebApp ML Models In Heroku(PAAS)- Data Science | C9: 13.5 | D9: Yet to Start
A10: 9 | B10: Introduction To FastAPI- How To Create API's Using FastAPI- Data Science | C10: 19.5 | D10: Yet to Start
A11: 10 | B11: How To Deploy Machine Learning Models Using FastAPI-Deployment Of ML Models As API's | C11: 19 | D11: Yet to Start
A12: 11 | B12: How To Deploy FastAPI Machine Learning Models In Heroku | C12: 14.8 | D12: Yet to Start
A13: 12 | B13: Deployment Of ML Models Using PyWebIO And Flask | C13: 12.5 | D13: Yet to Start
A14: Total | C14: =SUM(C2:C13) -> 175.9 | D14: =COUNTIF(D2:D13,Playlist!$J$5) -> 0

Sheet MLOPS
A1: =HYPERLINK(Playlist!D9, Playlist!$A$1) -> ID | B1: List | C1: Time | D1: Current Status
A2: 1 | B2: Devops Vs MLOPS- Understand The Differences And Why IT is Important | C2: 14.3 | D2: Yet to Start
A3: 2 | B3: MLOps Live Community Session Announcement | C3: 4.9 | D3: Yet to Start
A4: 3 | B4: Day 1- MLOPS End To End Implementation- Machine Learning | C4: 146.4 | D4: Yet to Start
A5: 4 | B5: Day 2- MLOPS End To End Implementation From Basics- Machine Learning | C5: 139.9 | D5: Yet to Start
A6: 5 | B6: Day 3- MLOPS End To End Implementation With Deployment- Machine Learning | C6: 153.8 | D6: Yet to Start
A7: 6 | B7: Day 4- MLOPS Continuous Integration And Model Tracking Using MLFlow- Machine Learning | C7: 160.5 | D7: Yet to Start
A8: Total | C8: =SUM(C2:C7) -> 619.8 | D8: =COUNTIF(D2:D7,Playlist!$J$5) -> 0

Sheet DSIQ
A1: =HYPERLINK(Playlist!D10, Playlist!$A$1) -> ID | B1: List | C1: Time | D1: Current Status
A2: 1 | B2: How to Prepare For Deep Learning Interviews- Important Interview Questions in ANN-Part 1🔥🔥🔥🔥 | C2: 21.5 | D2: Yet to Start
A3: 2 | B3: Interview Prep Day 1-How To Learn Machine Learning Algorithms For Interviews- Naive Bayes Classifier | C3: 12.2 | D3: Yet to Start
A4: 3 | B4: Interview Prep Day 2- Linear Regression Interview Question-The Most Important Algorithm In ML & DS🔥🔥 | C4: 16.6 | D4: Yet to Start
A5: 4 | B5: Interview Prep Day3-How To Prepare Support Vector Machines Important Questions In Interviews🔥🔥 | C5: 13.8 | D5: Yet to Start
A6: 5 | B6: Interview Prep Day 4-How To Learn Machine Learning Algorithms For Interviews- Decision Trees🔥🔥 | C6: 15.2 | D6: Yet to Start
A7: 6 | B7: Final Year Student To Deep Learning Engineer Internship- Transition Story- Must For Freshers | C7: 23.6 | D7: Yet to Start
A8: 7 | B8: Focus On Story Telling-How To Ace Data Science Interviews? | C8: 26.9 | D8: Yet to Start
A9: 8 | B9: Data Science Interview Questions- Multicollinearity In Linear And Logistic Regression | C9: 5.5 | D9: Yet to Start
A10: 9 | B10: The Role of Maths in Data Science and How to Learn? | C10: 9.8 | D10: Yet to Start
A11: 10 | B11: Cosine Similarity and Cosine Distance | C11: 11.9 | D11: Yet to Start
A12: 11 | B12: Data Engineer vs Data Analyst vs Data Scientist | C12: 5.4 | D12: Yet to Start
A13: 12 | B13: How to Read Dataset in Google Colab from Google Drive | C13: 9.8 | D13: Yet to Start
... A76: 75 | B76: Z Score And Its Applications- Important Stats Interview Question | C76: 12.4 | D76: Yet to Start
A77: Total | C77: =SUM(C2:C76) -> 1669.4 | D77: =COUNTIF(DSIQ!D2:D76,Playlist!$J$5) -> 0
